response 1 alsdkjfalsdkjfalsdkjfalskdjfa;lskdjfa;lskdjfal;sdkjfalsdkjfalsdkjfa;lsdkjfalskdjfalksdjfalskdjfalsdkjfalskdjfalskdjfa;lskdjfal;skdjfal;sdkjfa;lskdjfa;lskdjfal;skdjfal;skdjfal;skdjfas;ldkfjalsdkjfa;lskdjfa;lskdjfalsdkjfalskdjflaskdjfalsdkjfalsdkjfalskdjfalskdjfal;sdkjfa;lskdjfa;lskdjfa;lskdjfal;skdjfa;lskdjfa;lskdjfa;lsdkjfa;lskdjfa;lskdjfa;lsdkjfa;lskdjfa;sldkjfalsdkfja;lsdkjfa;lsdkjfa;lsdkjfal;skdjfa;lskdjfalskdjfalskdjfalskdjfa;sldkjfa;slkdfja;sldkfja;slkdjfa;lsdkjfa;sldkjfa;sldkjfa;slkdjfas;ldkjfjfkdsla;k
response 2
response 3
response 4
response 5
response 6
response 7
response 8
response 9
response 10
response 11
response 12
response 13
response 14
response 15
